Ticker,XCH,LTP,Qty.,Chg,% Chg,Bid Qty,Bid,Open,P.Close,Low,High,Avg Price,T.Volume,Total Value,OI,OI Change,No.of contracts,Strike Price,Exp. Date,Option Type,P.Open,OI-Combined Fut,5-Days Avg Vol,Calc Column 1
Index Options,NSE,7898.15,5,-271.85000000000036,-3.327417380660959,15,7745.15,7975.0,8170.0,7887.15,7975.0,7916.24,5,5.94,3,0,5,40500.0,30-Jan-2025,Call,7975.0,0.0,0.0,0.00395812
Index Options,NSE,1.3,258209,-0.44999999999999996,-25.71428571428571,6360,1.3,1.75,1.75,0.95,1.9,1.26,258209,48.8,48691,-11177,258209,40500.0,30-Jan-2025,Put,1.75,0.0,0.0,0.032534334000000005
Index Options,NSE,0.0,0,0.0,0.0,600,7190.0,0.0,11556.25,0.0,0.0,0.0,0,0.0,0,0,0,41000.0,30-Jan-2025,Call,0.0,0.0,0.0,0.0
Index Options,NSE,1.5,32504,-0.75,-33.33333333333333,2955,1.45,2.45,2.25,1.2,2.45,1.69,32504,8.24,47574,-1806,32504,41000.0,30-Jan-2025,Put,2.45,0.0,0.0,0.005493176
Index Options,NSE,0.0,0,0.0,0.0,600,6699.3,0.0,11070.15,0.0,0.0,0.0,0,0.0,0,0,0,41500.0,30-Jan-2025,Call,0.0,0.0,0.0,0.0
Index Options,NSE,1.55,28733,-0.7499999999999998,-32.60869565217391,90,1.55,2.3,2.3,1.2,2.3,1.71,28733,7.37,13414,-1811,28733,41500.0,30-Jan-2025,Put,2.3,0.0,0.0,0.004913343
Index Options,NSE,6340.5,7,-337.85000000000036,-5.058884305255046,600,6233.9,6570.0,6678.35,6340.5,6750.0,6538.26,7,6.87,89,-3,7,42000.0,30-Jan-2025,Call,6570.0,0.0,0.0,0.004576782
Index Options,NSE,1.7,43750,-0.8499999999999999,-33.33333333333333,915,1.5,2.25,2.55,1.3,2.45,1.82,43750,11.94,39780,-2018,43750,42000.0,30-Jan-2025,Put,2.25,0.0,0.0,0.0079625
Index Options,NSE,7490.0,0,0.0,0.0,600,5702.8,0.0,7490.0,0.0,0.0,0.0,0,0.0,65,0,0,42500.0,30-Jan-2025,Call,0.0,0.0,0.0,0.0
Index Options,NSE,2.0,36891,-0.75,-27.27272727272727,2940,1.85,2.55,2.75,1.5,2.9,2.12,36891,11.73,38229,-724,36891,42500.0,30-Jan-2025,Put,2.55,0.0,0.0,0.007820892
Index Options,NSE,5347.1,57,-337.0499999999993,-5.929646473087432,600,5214.5,5600.0,5684.15,5329.0,5885.95,5458.08,57,46.67,1030,-29,57,43000.0,30-Jan-2025,Call,5600.0,0.0,0.0,0.031111055999999998
Index Options,NSE,2.3,153625,-0.8500000000000001,-26.984126984126988,420,1.85,3.0,3.15,1.7,3.5,2.5,153625,57.61,67111,15890,153625,43000.0,30-Jan-2025,Put,3.0,0.0,0.0,0.03840625
Index Options,NSE,4902.95,5,-281.0,-5.420576973157535,600,4745.85,4700.05,5183.95,4700.05,4902.95,4860.2,5,3.65,6,-3,5,43500.0,30-Jan-2025,Call,4700.05,0.0,0.0,0.0024301
Index Options,NSE,2.35,53917,-1.0,-29.850746268656714,885,2.3,3.0,3.35,1.7,3.8,2.54,53917,20.54,45893,-1996,53917,43500.0,30-Jan-2025,Put,3.0,0.0,0.0,0.013694917999999999
Index Options,NSE,0.0,0,0.0,0.0,600,4526.1,0.0,9053.55,0.0,0.0,0.0,0,0.0,0,0,0,43600.0,30-Jan-2025,Call,0.0,0.0,0.0,0.0
Index Options,NSE,1.7,7921,-1.2500000000000002,-42.37288135593221,600,1.75,2.8,2.95,1.5,3.4,2.29,7921,2.72,7537,-15,7921,43600.0,30-Jan-2025,Put,2.8,0.0,0.0,0.001813909
Index Options,NSE,0.0,0,0.0,0.0,600,4430.35,0.0,8959.05,0.0,0.0,0.0,0,0.0,0,0,0,43700.0,30-Jan-2025,Call,0.0,0.0,0.0,0.0
Index Options,NSE,3.05,6299,0.04999999999999982,1.6666666666666607,900,1.9,2.8,3.0,1.5,3.75,2.68,6299,2.53,4771,-559,6299,43700.0,30-Jan-2025,Put,2.8,0.0,0.0,0.001688132
Index Options,NSE,0.0,0,0.0,0.0,600,4417.1,0.0,8864.65,0.0,0.0,0.0,0,0.0,0,0,0,43800.0,30-Jan-2025,Call,0.0,0.0,0.0,0.0
Index Options,NSE,1.8,9060,-1.2,-40.0,900,1.7,3.75,3.0,1.75,3.9,2.86,9060,3.89,6449,2055,9060,43800.0,30-Jan-2025,Put,3.75,0.0,0.0,0.00259116
Index Options,NSE,0.0,0,0.0,0.0,600,4318.05,0.0,8770.5,0.0,0.0,0.0,0,0.0,0,0,0,43900.0,30-Jan-2025,Call,0.0,0.0,0.0,0.0
Index Options,NSE,3.15,10424,0.04999999999999982,1.6129032258064457,2700,1.75,3.5,3.1,1.6,3.55,2.76,10424,4.32,5774,-737,10424,43900.0,30-Jan-2025,Put,3.5,0.0,0.0,0.0028770239999999997
Index Options,NSE,4351.35,79,-279.6999999999998,-6.039667030155145,600,4279.75,4647.05,4631.05,4343.8,4849.4,4456.94,79,52.81,105,-18,79,44000.0,30-Jan-2025,Call,4647.05,0.0,0.0,0.03520982599999999
Index Options,NSE,2.8,99446,-1.0500000000000003,-27.272727272727277,240,2.8,4.1,3.85,2.1,4.1,2.9,99446,43.26,56062,740,99446,44000.0,30-Jan-2025,Put,4.1,0.0,0.0,0.028839339999999998
Index Options,NSE,0.0,0,0.0,0.0,600,4117.05,0.0,8582.75,0.0,0.0,0.0,0,0.0,0,0,0,44100.0,30-Jan-2025,Call,0.0,0.0,0.0,0.0
Index Options,NSE,1.95,7142,-1.8,-48.00000000000001,45,2.4,3.85,3.75,1.95,4.1,3.04,7142,3.26,3361,-264,7142,44100.0,30-Jan-2025,Put,3.85,0.0,0.0,0.0021711680000000002
Index Options,NSE,0.0,0,0.0,0.0,600,4015.85,0.0,8489.2,0.0,0.0,0.0,0,0.0,0,0,0,44200.0,30-Jan-2025,Call,0.0,0.0,0.0,0.0
Index Options,NSE,2.35,21579,-1.9,-44.705882352941174,1935,2.35,3.4,4.25,1.1,4.6,2.6,21579,8.42,4704,-1699,21579,44200.0,30-Jan-2025,Put,3.4,0.0,0.0,0.00561054
Index Options,NSE,0.0,0,0.0,0.0,600,3920.85,0.0,8395.85,0.0,0.0,0.0,0,0.0,0,0,0,44300.0,30-Jan-2025,Call,0.0,0.0,0.0,0.0
Index Options,NSE,3.15,9927,-0.7000000000000002,-18.181818181818183,195,1.7,4.0,3.85,2.05,5.1,2.97,9927,4.42,2864,191,9927,44300.0,30-Jan-2025,Put,4.0,0.0,0.0,0.002948319
Index Options,NSE,0.0,0,0.0,0.0,600,3812.95,0.0,8302.75,0.0,0.0,0.0,0,0.0,0,0,0,44400.0,30-Jan-2025,Call,0.0,0.0,0.0,0.0
Index Options,NSE,4.35,10302,0.2999999999999998,7.407407407407403,600,2.3,4.55,4.05,1.95,4.9,2.94,10302,4.54,2418,666,10302,44400.0,30-Jan-2025,Put,4.55,0.0,0.0,0.003028788
Index Options,NSE,4983.65,0,1.1499999999996362,0.02308078273958126,600,3721.75,0.0,4982.5,0.0,0.0,0.0,0,0.0,2,0,0,44500.0,30-Jan-2025,Call,0.0,0.0,0.0,0.0
Index Options,NSE,4.0,121010,-0.6500000000000004,-13.978494623655921,11925,4.0,4.2,4.65,2.6,5.25,3.53,121010,64.07,45145,9907,121010,44500.0,30-Jan-2025,Put,4.2,0.0,0.0,0.042716529999999996
Index Options,NSE,0.0,0,0.0,0.0,600,3622.6,0.0,8117.2,0.0,0.0,0.0,0,0.0,0,0,0,44600.0,30-Jan-2025,Call,0.0,0.0,0.0,0.0
Index Options,NSE,4.95,15106,0.40000000000000036,8.791208791208799,300,2.3,2.9,4.55,2.25,5.35,3.51,15106,7.95,3593,656,15106,44600.0,30-Jan-2025,Put,2.9,0.0,0.0,0.005302205999999999
Index Options,NSE,0.0,0,0.0,0.0,600,3524.1,0.0,8024.8,0.0,0.0,0.0,0,0.0,0,0,0,44700.0,30-Jan-2025,Call,0.0,0.0,0.0,0.0
Index Options,NSE,3.1,12677,-1.9,-38.0,15,3.0,5.0,5.0,2.85,6.0,4.1,12677,7.8,3142,422,12677,44700.0,30-Jan-2025,Put,5.0,0.0,0.0,0.0051975699999999994
Index Options,NSE,0.0,0,0.0,0.0,600,3386.55,0.0,7932.65,0.0,0.0,0.0,0,0.0,0,0,0,44800.0,30-Jan-2025,Call,0.0,0.0,0.0,0.0
Index Options,NSE,4.0,22717,-1.0499999999999998,-20.79207920792079,435,2.05,3.05,5.05,2.05,6.05,4.12,22717,14.04,4371,360,22717,44800.0,30-Jan-2025,Put,3.05,0.0,0.0,0.009359404
Index Options,NSE,0.0,0,0.0,0.0,600,3287.85,0.0,7840.75,0.0,0.0,0.0,0,0.0,0,0,0,44900.0,30-Jan-2025,Call,0.0,0.0,0.0,0.0
Index Options,NSE,3.2,24951,-2.0,-38.46153846153846,390,3.2,5.2,5.2,3.2,6.85,4.34,24951,16.24,4939,741,24951,44900.0,30-Jan-2025,Put,5.2,0.0,0.0,0.010828734
Index Options,NSE,3340.0,272,-341.0500000000002,-9.265019491721118,75,3327.0,3750.05,3681.05,3260.0,3867.75,3546.97,272,144.72,2136,8,272,45000.0,30-Jan-2025,Call,3750.05,0.0,0.0,0.09647758399999999
Index Options,NSE,5.5,355282,-0.6500000000000004,-10.569105691056915,825,5.25,6.4,6.15,3.95,8.1,5.09,355282,271.26,113790,-594,355282,45000.0,30-Jan-2025,Put,6.4,0.0,0.0,0.180838538
Index Options,NSE,0.0,0,0.0,0.0,375,3105.25,0.0,7657.8,0.0,0.0,0.0,0,0.0,0,0,0,45100.0,30-Jan-2025,Call,0.0,0.0,0.0,0.0
Index Options,NSE,3.1,39815,-3.3000000000000003,-51.5625,150,3.25,5.95,6.4,3.1,8.7,5.71,39815,34.1,5006,112,39815,45100.0,30-Jan-2025,Put,5.95,0.0,0.0,0.022734365
Index Options,NSE,0.0,0,0.0,0.0,300,2988.85,0.0,7566.75,0.0,0.0,0.0,0,0.0,0,0,0,45200.0,30-Jan-2025,Call,0.0,0.0,0.0,0.0
Index Options,NSE,6.25,42849,-0.40000000000000036,-6.015037593984967,165,5.05,9.15,6.65,4.7,9.75,6.05,42849,38.89,5719,-1281,42849,45200.0,30-Jan-2025,Put,9.15,0.0,0.0,0.025923645
Index Options,NSE,0.0,0,0.0,0.0,600,2921.15,0.0,7476.0,0.0,0.0,0.0,0,0.0,0,0,0,45300.0,30-Jan-2025,Call,0.0,0.0,0.0,0.0
Index Options,NSE,6.75,72327,-0.5999999999999996,-8.163265306122444,15,5.9,8.0,7.35,5.0,11.05,6.56,72327,71.17,8323,-3982,72327,45300.0,30-Jan-2025,Put,8.0,0.0,0.0,0.047446511999999996
Index Options,NSE,3239.7,0,0.0,0.0,600,2814.15,0.0,3239.7,0.0,0.0,0.0,0,0.0,0,0,0,45400.0,30-Jan-2025,Call,0.0,0.0,0.0,0.0
Index Options,NSE,7.4,48095,-1.0,-11.904761904761903,735,6.05,6.85,8.4,5.9,12.9,7.75,48095,55.91,8199,3382,48095,45400.0,30-Jan-2025,Put,6.85,0.0,0.0,0.037273625
Index Options,NSE,3000.0,4,-19.90000000000009,-0.6589622172919662,105,2832.65,3019.9,3019.9,2990.0,3019.9,3002.47,4,1.8,29,0,4,45500.0,30-Jan-2025,Call,3019.9,0.0,0.0,0.0012009879999999998
Index Options,NSE,9.95,594094,0.5999999999999996,6.417112299465237,150,9.4,9.5,9.35,6.55,14.7,8.79,594094,783.31,107865,23539,594094,45500.0,30-Jan-2025,Put,9.5,0.0,0.0,0.522208626
Index Options,NSE,0.0,0,0.0,0.0,600,2626.35,0.0,7205.6,0.0,0.0,0.0,0,0.0,0,0,0,45600.0,30-Jan-2025,Call,0.0,0.0,0.0,0.0
Index Options,NSE,9.05,75753,-1.049999999999999,-10.396039603960386,750,9.0,10.2,10.1,7.3,16.8,10.12,75753,114.99,8458,4412,75753,45600.0,30-Jan-2025,Put,10.2,0.0,0.0,0.076662036
Index Options,NSE,2897.05,2,-402.9499999999998,-12.210606060606056,600,2542.95,2988.05,3300.0,2897.05,2988.05,2942.55,2,0.88,4,1,2,45700.0,30-Jan-2025,Call,2988.05,0.0,0.0,0.00058851
Index Options,NSE,11.95,101112,0.34999999999999964,3.0172413793103416,195,10.15,12.05,11.6,8.35,19.3,10.97,101112,166.38,12512,6325,101112,45700.0,30-Jan-2025,Put,12.05,0.0,0.0,0.110919864
Index Options,NSE,0.0,0,0.0,0.0,600,2421.9,0.0,7026.95,0.0,0.0,0.0,0,0.0,0,0,0,45800.0,30-Jan-2025,Call,0.0,0.0,0.0,0.0
Index Options,NSE,14.0,142232,1.0,7.6923076923076925,195,11.8,13.05,13.0,9.5,22.4,12.31,142232,262.63,12766,5680,142232,45800.0,30-Jan-2025,Put,13.05,0.0,0.0,0.17508759200000001
Index Options,NSE,2283.5,1,-210.94999999999982,-8.456774038365165,105,2432.25,2283.5,2494.45,2283.5,2283.5,2283.5,1,0.34,5,1,1,45900.0,30-Jan-2025,Call,2283.5,0.0,0.0,0.00022835
Index Options,NSE,15.0,103448,0.09999999999999964,0.671140939597313,195,13.85,15.0,14.9,10.85,25.75,14.39,103448,223.29,12553,631,103448,45900.0,30-Jan-2025,Put,15.0,0.0,0.0,0.148861672
Index Options,NSE,2358.35,9803,-340.0,-12.600292771508514,375,2356.45,2741.2,2698.35,2275.2,2912.3,2629.0,9803,3865.81,14675,5708,9803,46000.0,30-Jan-2025,Call,2741.2,0.0,0.0,2.5772087
Index Options,NSE,17.2,801353,0.5999999999999979,3.614457831325288,135,17.2,18.2,16.6,11.95,29.0,16.73,801353,2011.0,106822,3930,801353,46000.0,30-Jan-2025,Put,18.2,0.0,0.0,1.340663569
Index Options,NSE,2291.75,1,-488.25,-17.56294964028777,600,2173.55,2291.75,2780.0,2291.75,2291.75,2291.75,1,0.34,3,-1,1,46100.0,30-Jan-2025,Call,2291.75,0.0,0.0,0.000229175
Index Options,NSE,20.0,96168,1.3500000000000014,7.238605898123332,195,18.9,16.0,18.65,13.3,33.0,19.64,96168,283.31,5110,-933,96168,46100.0,30-Jan-2025,Put,16.0,0.0,0.0,0.188873952
Index Options,NSE,2335.0,1,-202.94999999999982,-7.996611438365603,465,2044.25,2335.0,2537.95,2335.0,2335.0,2335.0,1,0.35,28,1,1,46200.0,30-Jan-2025,Call,2335.0,0.0,0.0,0.0002335
Index Options,NSE,22.05,113399,0.9000000000000021,4.255319148936181,195,21.85,23.0,21.15,15.2,37.65,22.29,113399,379.15,12033,-2870,113399,46200.0,30-Jan-2025,Put,23.0,0.0,0.0,0.252766371
Index Options,NSE,2433.0,0,0.0,0.0,600,1949.15,0.0,2433.0,0.0,0.0,0.0,0,0.0,3,0,0,46300.0,30-Jan-2025,Call,0.0,0.0,0.0,0.0
Index Options,NSE,25.5,208361,1.1499999999999986,4.722792607802869,195,25.75,25.55,24.35,17.1,43.1,25.69,208361,802.92,9096,1385,208361,46300.0,30-Jan-2025,Put,25.55,0.0,0.0,0.535279409
Index Options,NSE,2287.75,0,0.0,0.0,600,1851.55,0.0,2287.75,0.0,0.0,0.0,0,0.0,3,0,0,46400.0,30-Jan-2025,Call,0.0,0.0,0.0,0.0
Index Options,NSE,30.7,127343,2.8000000000000007,10.035842293906812,195,30.4,26.4,27.9,19.0,49.15,29.22,127343,558.14,7702,73,127343,46400.0,30-Jan-2025,Put,26.4,0.0,0.0,0.372096246
Index Options,NSE,1891.75,758,-312.5999999999999,-14.181051103499895,60,1861.6,2242.05,2204.35,1795.8,2428.75,2074.26,758,235.84,500,-104,758,46500.0,30-Jan-2025,Call,2242.05,0.0,0.0,0.157228908
Index Options,NSE,37.0,653010,5.649999999999999,18.022328548644335,15,35.05,32.15,31.35,21.05,56.1,32.61,653010,3194.2,61990,5107,653010,46500.0,30-Jan-2025,Put,32.15,0.0,0.0,2.12946561
Index Options,NSE,1791.65,20,-328.1999999999998,-15.48222751609783,600,1718.25,1908.85,2119.85,1716.6,2250.0,2057.6,20,6.17,13,6,20,46600.0,30-Jan-2025,Call,1908.85,0.0,0.0,0.0041152
Index Options,NSE,39.8,140379,3.6999999999999957,10.249307479224365,180,40.4,35.95,36.1,24.35,64.1,38.74,140379,815.74,9717,2246,140379,46600.0,30-Jan-2025,Put,35.95,0.0,0.0,0.543828246
Index Options,NSE,1680.0,86,-375.0,-18.248175182481752,90,1673.45,1838.65,2055.0,1632.25,2200.0,1809.15,86,23.34,195,55,86,46700.0,30-Jan-2025,Call,1838.65,0.0,0.0,0.01555869
Index Options,NSE,52.0,160588,11.399999999999999,28.078817733990142,885,48.0,40.55,40.6,27.45,73.15,44.15,160588,1063.49,10917,204,160588,46700.0,30-Jan-2025,Put,40.55,0.0,0.0,0.7089960200000001
Index Options,NSE,1582.75,133,-356.5999999999999,-18.387604094155254,165,1582.5,1939.35,1939.35,1521.0,2106.0,1727.15,133,34.46,264,25,133,46800.0,30-Jan-2025,Call,1939.35,0.0,0.0,0.022971095
Index Options,NSE,60.55,183135,13.549999999999997,28.82978723404255,315,54.8,51.55,47.0,30.75,83.3,50.51,183135,1387.52,12961,910,183135,46800.0,30-Jan-2025,Put,51.55,0.0,0.0,0.925014885
Index Options,NSE,1548.9,112,-291.89999999999986,-15.85723598435462,600,1395.9,1840.8,1840.8,1435.75,1900.0,1579.44,112,26.53,393,27,112,46900.0,30-Jan-2025,Call,1840.8,0.0,0.0,0.017689728
Index Options,NSE,66.45,181784,11.850000000000001,21.703296703296708,390,64.1,60.0,54.6,35.2,95.0,58.07,181784,1583.43,10546,-1587,181784,46900.0,30-Jan-2025,Put,60.0,0.0,0.0,1.0556196880000002
Index Options,NSE,1414.3,9462,-329.35000000000014,-18.888538410804927,15,1405.8,1717.0,1743.65,1330.0,1937.4,1613.46,9462,2289.98,8786,302,9462,47000.0,30-Jan-2025,Call,1717.0,0.0,0.0,1.526655852
Index Options,NSE,75.0,873089,13.600000000000001,22.14983713355049,390,73.25,66.05,61.4,39.65,108.15,65.08,873089,8523.09,97327,-5131,873089,47000.0,30-Jan-2025,Put,66.05,0.0,0.0,5.682063212
Index Options,NSE,1334.6,281,-324.45000000000005,-19.556372622886595,75,1320.85,1701.65,1659.05,1250.0,1839.25,1441.04,281,60.74,311,16,281,47100.0,30-Jan-2025,Call,1701.65,0.0,0.0,0.040493224
Index Options,NSE,87.5,215345,17.599999999999994,25.17882689556508,390,84.4,74.35,69.9,45.1,121.9,75.43,215345,2436.52,6661,-2312,215345,47100.0,30-Jan-2025,Put,74.35,0.0,0.0,1.6243473350000002
Index Options,NSE,1234.65,577,-331.39999999999986,-21.161521024232936,75,1234.1,1566.0,1566.05,1173.2,1706.1,1325.16,577,114.69,515,79,577,47200.0,30-Jan-2025,Call,1566.0,0.0,0.0,0.076461732
Index Options,NSE,101.0,425589,22.0,27.848101265822784,105,98.0,79.05,79.0,51.2,138.0,91.18,425589,5820.78,14610,1915,425589,47200.0,30-Jan-2025,Put,79.05,0.0,0.0,3.8805205020000004
Index Options,NSE,1162.35,1477,-314.0,-21.268669353473094,75,1147.9,1395.35,1476.35,1075.05,1650.0,1225.78,1477,271.57,744,120,1477,47300.0,30-Jan-2025,Call,1395.35,0.0,0.0,0.181047706
Index Options,NSE,111.7,213723,21.900000000000006,24.38752783964366,90,110.9,99.0,89.8,58.0,156.3,98.96,213723,3172.5,10012,1820,213723,47300.0,30-Jan-2025,Put,99.0,0.0,0.0,2.115002808
Index Options,NSE,1069.95,1944,-324.5,-23.270823622216643,75,1065.95,1449.95,1394.45,998.45,1560.45,1188.51,1944,346.57,1127,158,1944,47400.0,30-Jan-2025,Call,1449.95,0.0,0.0,0.231046344
Index Options,NSE,129.0,236115,26.799999999999997,26.22309197651663,780,129.0,107.0,102.2,65.75,176.15,112.36,236115,3979.48,12122,2665,236115,47400.0,30-Jan-2025,Put,107.0,0.0,0.0,2.6529881399999997
Index Options,NSE,987.25,27168,-315.95000000000005,-24.244168201350526,75,984.5,1411.85,1303.2,919.0,1470.05,1167.68,27168,4758.53,5026,244,27168,47500.0,30-Jan-2025,Call,1411.85,0.0,0.0,3.1723530240000004
Index Options,NSE,150.8,961955,36.30000000000001,31.703056768558962,30,149.0,119.0,114.5,74.95,198.0,123.92,961955,17880.82,122203,5237,961955,47500.0,30-Jan-2025,Put,119.0,0.0,0.0,11.920546360000001
Index Options,NSE,920.3,4237,-292.0,-24.08644724903077,90,908.35,1212.3,1212.3,848.25,1381.6,1024.61,4237,651.19,1662,337,4237,47600.0,30-Jan-2025,Call,1212.3,0.0,0.0,0.43412725699999993
Index Options,NSE,175.0,244242,43.150000000000006,32.72658323852864,600,171.2,148.55,131.85,85.4,223.25,146.06,244242,5351.1,12344,240,244242,47600.0,30-Jan-2025,Put,148.55,0.0,0.0,3.5673986520000005
Index Options,NSE,830.35,10293,-298.30000000000007,-26.429805519868875,90,833.6,1068.8,1128.65,770.0,1298.75,956.32,10293,1476.51,2485,556,10293,47700.0,30-Jan-2025,Call,1068.8,0.0,0.0,0.984340176
Index Options,NSE,200.4,312274,49.5,32.80318091451292,780,197.0,145.0,150.9,97.3,251.0,165.15,312274,7735.81,12108,-461,312274,47700.0,30-Jan-2025,Put,145.0,0.0,0.0,5.1572051100000005
Index Options,NSE,769.8,18522,-287.9000000000001,-27.21943840408434,30,762.4,1037.55,1057.7,701.0,1215.0,887.76,18522,2466.46,3779,1263,18522,47800.0,30-Jan-2025,Call,1037.55,0.0,0.0,1.644309072
Index Options,NSE,225.4,524550,54.0,31.505250875145858,780,225.4,171.0,171.4,109.9,280.8,188.26,524550,14812.77,25983,14100,524550,47800.0,30-Jan-2025,Put,171.0,0.0,0.0,9.8751783
Index Options,NSE,697.0,20670,-284.15,-28.960913214085508,30,694.2,949.95,981.15,639.55,1129.6,814.09,20670,2524.09,2708,1256,20670,47900.0,30-Jan-2025,Call,949.95,0.0,0.0,1.6827240300000001
Index Options,NSE,256.7,304137,62.5,32.183316168898045,630,256.8,233.9,194.2,126.85,313.9,217.04,304137,9901.48,11469,-709,304137,47900.0,30-Jan-2025,Put,233.9,0.0,0.0,6.600989448
Index Options,NSE,634.95,251837,-271.15,-29.9249530956848,60,628.35,885.1,906.1,574.85,1048.8,771.87,251837,29157.81,29520,2013,251837,48000.0,30-Jan-2025,Call,885.1,0.0,0.0,19.438542519
Index Options,NSE,291.2,1364083,71.85,32.75586961477091,15,291.2,220.0,219.35,144.55,349.1,246.6,1364083,50457.43,85860,-9676,1364083,48000.0,30-Jan-2025,Put,220.0,0.0,0.0,33.63828678
Index Options,NSE,570.0,63916,-263.65,-31.62598212679182,30,567.45,813.95,833.65,517.2,969.45,684.0,63916,6557.78,8082,3647,63916,48100.0,30-Jan-2025,Call,813.95,0.0,0.0,4.3718544
Index Options,NSE,332.6,360740,85.20000000000002,34.43815683104285,600,328.8,260.0,247.4,165.55,391.2,279.75,360740,15137.55,10916,-1326,360740,48100.0,30-Jan-2025,Put,260.0,0.0,0.0,10.0917015
Index Options,NSE,510.15,183484,-256.70000000000005,-33.47460389906762,30,507.75,700.0,766.85,463.0,895.05,605.4,183484,16662.18,17603,8829,183484,48200.0,30-Jan-2025,Call,700.0,0.0,0.0,11.10812136
Index Options,NSE,371.9,558408,92.94999999999999,33.32138376053056,15,368.5,305.65,278.95,188.7,432.45,323.03,558408,27057.38,20571,3130,558408,48200.0,30-Jan-2025,Put,305.65,0.0,0.0,18.038253624
Index Options,NSE,455.25,388096,-245.10000000000002,-34.99678732062541,30,453.2,555.0,700.35,411.7,820.8,541.49,388096,31522.52,24422,10288,388096,48300.0,30-Jan-2025,Call,555.0,0.0,0.0,21.015010304
Index Options,NSE,417.25,819130,103.44999999999999,32.96685787125557,150,414.45,309.65,313.8,214.85,477.3,377.54,819130,46388.15,31409,14223,819130,48300.0,30-Jan-2025,Put,309.65,0.0,0.0,30.925434019999997
Index Options,NSE,403.85,607040,-235.69999999999993,-36.85403799546555,15,403.5,612.85,639.55,365.15,748.85,518.2,607040,47185.22,39414,19050,607040,48400.0,30-Jan-2025,Call,612.85,0.0,0.0,31.4568128
Index Options,NSE,465.0,937468,113.85000000000002,32.42204186245195,15,461.85,371.45,351.15,243.1,527.5,408.34,937468,57420.85,17847,-695,937468,48400.0,30-Jan-2025,Put,371.45,0.0,0.0,38.280568312
Index Options,NSE,354.0,1442343,-225.85000000000002,-38.9497283780288,690,354.0,551.0,579.85,322.35,682.25,493.71,1442343,106814.87,79765,24950,1442343,48500.0,30-Jan-2025,Call,551.0,0.0,0.0,71.209916253
Index Options,NSE,513.0,1722932,121.39999999999998,31.001021450459643,135,513.0,398.0,391.6,275.0,582.2,433.69,1722932,112082.76,66222,-1357,1722932,48500.0,30-Jan-2025,Put,398.0,0.0,0.0,74.721837908
Index Options,NSE,308.7,1089635,-216.05,-41.17198666031444,30,309.25,511.4,524.75,282.5,617.0,457.74,1089635,74815.43,48503,16819,1089635,48600.0,30-Jan-2025,Call,511.4,0.0,0.0,49.87695249
Index Options,NSE,573.4,1092608,137.14999999999998,31.438395415472776,30,569.2,406.0,436.25,309.45,643.0,469.29,1092608,76912.5,15355,-12642,1092608,48600.0,30-Jan-2025,Put,406.0,0.0,0.0,51.275000831999996
Index Options,NSE,271.9,1002932,-200.60000000000002,-42.45502645502646,30,268.5,427.0,472.5,247.0,558.9,421.08,1002932,63347.19,46264,-2577,1002932,48700.0,30-Jan-2025,Call,427.0,0.0,0.0,42.231460656
Index Options,NSE,633.45,856496,148.65000000000003,30.662128712871294,90,629.85,500.0,484.8,348.45,707.5,494.18,856496,63489.48,14301,-16221,856496,48700.0,30-Jan-2025,Put,500.0,0.0,0.0,42.326319328000004
Index Options,NSE,232.8,887055,-191.45,-45.126694166175604,60,233.35,411.0,424.25,215.75,498.8,381.87,887055,50810.95,49281,6630,887055,48800.0,30-Jan-2025,Call,411.0,0.0,0.0,33.873969285
Index Options,NSE,690.0,581071,156.10000000000002,29.23768495973029,1080,686.1,599.0,533.9,391.15,775.75,529.58,581071,46158.54,15884,1011,581071,48800.0,30-Jan-2025,Put,599.0,0.0,0.0,30.772358018000002
Index Options,NSE,204.45,559747,-172.8,-45.8051689860835,60,200.95,340.0,377.25,187.3,446.0,333.12,559747,27969.44,36646,5046,559747,48900.0,30-Jan-2025,Call,340.0,0.0,0.0,18.646292064
Index Options,NSE,765.0,253837,175.64999999999998,29.804021379485867,120,753.65,650.0,589.35,437.0,846.3,591.26,253837,22512.55,12411,-3288,253837,48900.0,30-Jan-2025,Put,650.0,0.0,0.0,15.008366462
Index Options,NSE,174.15,1406896,-161.35,-48.092399403874815,45,171.4,320.95,335.5,162.0,394.75,281.65,1406896,59437.84,130775,18673,1406896,49000.0,30-Jan-2025,Call,320.95,0.0,0.0,39.62522584
Index Options,NSE,834.8,447057,187.94999999999993,29.056195408518192,30,827.65,670.0,646.85,486.85,923.0,669.88,447057,44921.18,55134,-5223,447057,49000.0,30-Jan-2025,Put,670.0,0.0,0.0,29.947454316
Index Options,NSE,148.55,306425,-148.84999999999997,-50.05043712172158,195,147.0,282.7,297.4,139.5,348.75,247.41,306425,11371.89,36814,13775,306425,49100.0,30-Jan-2025,Call,282.7,0.0,0.0,7.581260925
Index Options,NSE,907.4,67332,201.0,28.454133635334088,75,902.55,750.0,706.4,542.2,999.0,723.7,67332,7309.23,6301,852,67332,49100.0,30-Jan-2025,Put,750.0,0.0,0.0,4.8728168400000005
Index Options,NSE,125.1,520858,-137.15,-52.2974261201144,270,125.0,253.0,262.25,118.8,309.95,191.39,520858,14953.05,96014,65757,520858,49200.0,30-Jan-2025,Call,253.0,0.0,0.0,9.968701262
Index Options,NSE,994.5,59577,223.5,28.98832684824903,15,980.15,725.0,771.0,599.8,1080.0,801.93,59577,7166.49,10244,359,59577,49200.0,30-Jan-2025,Put,725.0,0.0,0.0,4.777658361
Index Options,NSE,106.95,298284,-123.8,-53.65113759479957,195,108.0,218.0,230.75,103.25,267.3,178.49,298284,7986.11,39595,7104,298284,49300.0,30-Jan-2025,Call,218.0,0.0,0.0,5.324071116000001
Index Options,NSE,1056.65,29255,214.60000000000014,25.48542248085032,60,1057.0,880.95,842.05,661.0,1163.2,862.56,29255,3785.13,7321,-944,29255,49300.0,30-Jan-2025,Put,880.95,0.0,0.0,2.5234192799999997
Index Options,NSE,95.25,277960,-108.19999999999999,-53.18260014745637,480,93.0,185.15,203.45,90.0,233.8,155.35,277960,6477.16,29180,1426,277960,49400.0,30-Jan-2025,Call,185.15,0.0,0.0,4.3181086
Index Options,NSE,1160.55,27242,249.29999999999995,27.35802469135802,150,1142.95,926.0,911.25,727.9,1250.0,929.19,27242,3796.95,7148,6,27242,49400.0,30-Jan-2025,Put,926.0,0.0,0.0,2.5312993980000003
Index Options,NSE,83.25,1023601,-94.85,-53.25659741718136,825,82.0,161.05,178.1,78.5,201.0,130.18,1023601,19987.86,119208,-53351,1023601,49500.0,30-Jan-2025,Call,161.05,0.0,0.0,13.325237818000002
Index Options,NSE,1229.3,69271,240.75,24.353851600829497,60,1234.6,1020.0,988.55,795.6,1336.25,1039.55,69271,10801.6,28900,-4318,69271,49500.0,30-Jan-2025,Put,1020.0,0.0,0.0,7.201066805
Index Options,NSE,70.45,248834,-87.35000000000001,-55.35487959442332,390,70.45,140.0,157.8,67.25,174.95,116.25,248834,4339.04,26501,2997,248834,49600.0,30-Jan-2025,Call,140.0,0.0,0.0,2.89269525
Index Options,NSE,1326.3,6945,255.5,23.860664923421744,15,1323.5,1050.0,1070.8,873.25,1415.8,1111.58,6945,1157.99,5886,-130,6945,49600.0,30-Jan-2025,Put,1050.0,0.0,0.0,0.77199231
Index Options,NSE,61.0,254409,-77.75,-56.03603603603604,195,61.3,125.0,138.75,58.6,152.0,100.46,254409,3833.69,27395,5644,254409,49700.0,30-Jan-2025,Call,125.0,0.0,0.0,2.5557928139999997
Index Options,NSE,1416.75,4552,268.8499999999999,23.42102970642041,60,1413.15,1163.2,1147.9,949.85,1510.0,1217.94,4552,831.61,7093,-280,4552,49700.0,30-Jan-2025,Put,1163.2,0.0,0.0,0.554406288
Index Options,NSE,52.6,269908,-70.0,-57.09624796084829,195,53.55,115.0,122.6,51.5,132.85,90.0,269908,3643.76,30412,3698,269908,49800.0,30-Jan-2025,Call,115.0,0.0,0.0,2.429172
Index Options,NSE,1520.85,3772,290.1999999999998,23.581034412708714,30,1499.3,1255.7,1230.65,1030.7,1599.95,1296.24,3772,733.41,7109,-3,3772,49800.0,30-Jan-2025,Put,1255.7,0.0,0.0,0.488941728
Index Options,NSE,47.0,187516,-59.2,-55.74387947269304,420,47.0,106.2,106.2,45.3,116.2,79.88,187516,2246.82,20862,1886,187516,49900.0,30-Jan-2025,Call,106.2,0.0,0.0,1.497877808
Index Options,NSE,1609.0,1781,287.95000000000005,21.79705537262027,30,1597.05,1354.55,1321.05,1110.75,1699.95,1419.11,1781,379.12,4857,-73,1781,49900.0,30-Jan-2025,Put,1354.55,0.0,0.0,0.252743491
Index Options,NSE,42.65,957454,-53.15,-55.48016701461378,600,41.7,80.0,95.8,39.65,102.3,66.72,957454,9582.2,167191,8707,957454,50000.0,30-Jan-2025,Call,80.0,0.0,0.0,6.388133087999999
Index Options,NSE,1709.0,24736,310.0999999999999,22.167417256415746,120,1694.1,1479.95,1398.9,1196.4,1798.2,1508.52,24736,5597.21,43542,-3921,24736,50000.0,30-Jan-2025,Put,1479.95,0.0,0.0,3.731475072
Index Options,NSE,38.0,174127,-46.400000000000006,-54.976303317535546,2625,36.0,83.35,84.4,34.85,89.3,57.33,174127,1497.41,28582,4463,174127,50100.0,30-Jan-2025,Call,83.35,0.0,0.0,0.998270091
Index Options,NSE,1785.7,1695,286.79999999999995,19.134031623190335,390,1779.9,1441.65,1498.9,1281.9,1884.8,1591.6,1695,404.66,2666,-498,1695,50100.0,30-Jan-2025,Put,1441.65,0.0,0.0,0.2697762
Index Options,NSE,33.95,191615,-40.89999999999999,-54.642618570474276,135,32.25,63.75,74.85,31.1,78.3,49.44,191615,1421.02,27381,-2664,191615,50200.0,30-Jan-2025,Call,63.75,0.0,0.0,0.94734456
Index Options,NSE,1900.1,564,317.6999999999998,20.077098078867532,180,1873.75,1648.5,1582.4,1370.8,1980.0,1714.21,564,145.02,4897,-92,564,50200.0,30-Jan-2025,Put,1648.5,0.0,0.0,0.096681444
Index Options,NSE,28.85,218309,-37.35,-56.41993957703928,15,29.0,61.2,66.2,27.45,68.9,43.92,218309,1438.22,21511,-871,218309,50300.0,30-Jan-2025,Call,61.2,0.0,0.0,0.9588131280000001
Index Options,NSE,1983.65,542,299.9000000000001,17.81143281365999,165,1967.85,1638.85,1683.75,1468.7,2075.6,1813.2,542,147.41,2391,-56,542,50300.0,30-Jan-2025,Put,1638.85,0.0,0.0,0.09827544
Index Options,NSE,25.9,177968,-32.6,-55.72649572649573,195,24.6,61.4,58.5,24.2,61.4,37.73,177968,1007.21,16552,-2804,177968,50400.0,30-Jan-2025,Call,61.4,0.0,0.0,0.671473264
Index Options,NSE,2086.0,558,295.9000000000001,16.529802804312617,180,2064.7,1706.75,1790.1,1559.0,2151.75,1890.69,558,158.25,4162,-125,558,50400.0,30-Jan-2025,Put,1706.75,0.0,0.0,0.105500502
Index Options,NSE,22.75,635568,-29.35,-56.33397312859885,465,22.1,40.0,52.1,21.2,53.3,33.98,635568,3239.49,95724,97,635568,50500.0,30-Jan-2025,Call,40.0,0.0,0.0,2.1596600639999997
Index Options,NSE,2182.85,2004,315.0999999999999,16.870566189265155,120,2168.7,1895.95,1867.75,1648.0,2268.4,1977.36,2004,594.39,19989,-254,2004,50500.0,30-Jan-2025,Put,1895.95,0.0,0.0,0.396262944
Index Options,NSE,20.85,210959,-26.15,-55.638297872340424,195,19.1,48.15,47.0,19.0,48.15,32.26,210959,1020.83,22387,3058,210959,50600.0,30-Jan-2025,Call,48.15,0.0,0.0,0.680553734
Index Options,NSE,2257.35,206,306.1999999999998,15.693309074135756,15,2260.65,1990.75,1951.15,1750.0,2300.0,2034.21,206,62.86,3949,-51,206,50600.0,30-Jan-2025,Put,1990.75,0.0,0.0,0.041904726
Index Options,NSE,19.5,169877,-22.799999999999997,-53.90070921985816,195,17.3,30.15,42.3,17.15,43.7,27.29,169877,695.39,22067,-6849,169877,50700.0,30-Jan-2025,Call,30.15,0.0,0.0,0.463594333
Index Options,NSE,2356.3,277,301.10000000000036,14.650642273258097,645,2322.9,2157.95,2055.2,1856.55,2414.6,2110.69,277,87.7,3672,-26,277,50700.0,30-Jan-2025,Put,2157.95,0.0,0.0,0.058466113
Index Options,NSE,16.0,155230,-22.0,-57.89473684210527,255,16.0,34.95,38.0,15.5,37.95,24.48,155230,570.0,25035,538,155230,50800.0,30-Jan-2025,Call,34.95,0.0,0.0,0.38000304
Index Options,NSE,2455.75,397,314.3499999999999,14.679648827869613,90,2448.55,2210.1,2141.4,1950.0,2515.6,2219.72,397,132.18,5567,-63,397,50800.0,30-Jan-2025,Put,2210.1,0.0,0.0,0.088122884
Index Options,NSE,14.7,126775,-19.400000000000002,-56.89149560117303,30,14.55,29.95,34.1,9.85,34.45,21.89,126775,416.27,17922,-890,126775,50900.0,30-Jan-2025,Call,29.95,0.0,0.0,0.277510475
Index Options,NSE,2587.6,96,303.8499999999999,13.304871373836887,60,2567.05,2283.75,2283.75,2050.0,2650.0,2380.44,96,34.28,6819,-12,96,50900.0,30-Jan-2025,Put,2283.75,0.0,0.0,0.022852223999999997
Index Options,NSE,13.25,745166,-18.15,-57.80254777070063,30,13.25,29.2,31.4,12.6,30.65,19.92,745166,2226.56,181733,25657,745166,51000.0,30-Jan-2025,Call,29.2,0.0,0.0,1.484370672
Index Options,NSE,2679.45,3715,342.39999999999964,14.650948845767084,30,2662.8,2275.1,2337.05,2124.65,2765.05,2453.09,3715,1366.98,49445,-371,3715,51000.0,30-Jan-2025,Put,2275.1,0.0,0.0,0.911322935
Index Options,NSE,12.3,128500,-16.349999999999998,-57.06806282722513,135,12.3,28.05,28.65,11.9,28.05,18.24,128500,351.58,26143,3852,128500,51100.0,30-Jan-2025,Call,28.05,0.0,0.0,0.234384
Index Options,NSE,2760.0,195,306.0500000000002,12.47172925283727,60,2765.15,2385.0,2453.95,2272.65,2845.0,2686.51,195,78.58,8703,-98,195,51100.0,30-Jan-2025,Put,2385.0,0.0,0.0,0.052386945000000004
Index Options,NSE,11.05,159004,-14.75,-57.17054263565892,300,11.1,25.0,25.8,10.8,25.15,16.79,159004,400.45,32184,-1571,159004,51200.0,30-Jan-2025,Call,25.0,0.0,0.0,0.26696771599999997
Index Options,NSE,2857.7,98,331.9499999999998,13.142630901712355,60,2862.9,2630.0,2525.75,2350.6,2932.2,2611.72,98,38.39,10974,-42,98,51200.0,30-Jan-2025,Put,2630.0,0.0,0.0,0.025594855999999996
Index Options,NSE,10.6,151451,-13.1,-55.27426160337553,210,10.6,20.0,23.7,10.0,23.0,15.15,151451,344.17,36737,984,151451,51300.0,30-Jan-2025,Call,20.0,0.0,0.0,0.22944826499999998
Index Options,NSE,2958.0,291,338.4499999999998,12.920158042411856,600,2921.45,2710.0,2619.55,2474.3,3015.0,2793.38,291,121.93,12844,-6,291,51300.0,30-Jan-2025,Put,2710.0,0.0,0.0,0.081287358
Index Options,NSE,10.45,128482,-11.3,-51.954022988505756,675,9.5,21.0,21.75,9.3,21.0,13.95,128482,268.85,28566,1237,128482,51400.0,30-Jan-2025,Call,21.0,0.0,0.0,0.17923239
Index Options,NSE,3004.8,130,286.1500000000001,10.525444614054773,60,3061.45,2675.9,2718.65,2545.6,3130.6,2736.29,130,53.36,10478,-34,130,51400.0,30-Jan-2025,Put,2675.9,0.0,0.0,0.03557177
Index Options,NSE,9.4,597934,-10.4,-52.52525252525253,150,9.25,18.0,19.8,8.5,22.05,12.33,597934,1105.88,170771,36143,597934,51500.0,30-Jan-2025,Call,18.0,0.0,0.0,0.737252622
Index Options,NSE,3172.55,1134,337.60000000000036,11.908499268064707,30,3163.2,2774.25,2834.95,2616.2,3267.7,2932.71,1134,498.85,54182,-8,1134,51500.0,30-Jan-2025,Put,2774.25,0.0,0.0,0.332569314
Index Options,NSE,9.4,142070,-9.15,-49.32614555256065,165,8.0,18.55,18.55,8.25,18.55,12.29,142070,261.91,34382,-738,142070,51600.0,30-Jan-2025,Call,18.55,0.0,0.0,0.17460403
Index Options,NSE,3245.35,214,322.2999999999997,11.02615418826225,60,3257.3,2871.2,2923.05,2730.6,3365.85,3132.14,214,100.54,10092,-67,214,51600.0,30-Jan-2025,Put,2871.2,0.0,0.0,0.067027796
Index Options,NSE,8.6,133059,-8.549999999999999,-49.85422740524781,405,8.0,14.1,17.15,7.95,16.65,11.2,133059,223.54,32943,-676,133059,51700.0,30-Jan-2025,Call,14.1,0.0,0.0,0.14902607999999998
Index Options,NSE,3343.5,140,321.4499999999998,10.636819377574819,60,3361.1,3300.0,3022.05,2852.75,3430.0,3246.49,140,68.18,13830,-4,140,51700.0,30-Jan-2025,Put,3300.0,0.0,0.0,0.045450859999999996
Index Options,NSE,7.8,102930,-8.349999999999998,-51.70278637770897,150,7.5,14.25,16.15,7.3,14.9,10.53,102930,162.58,29342,3605,102930,51800.0,30-Jan-2025,Call,14.25,0.0,0.0,0.10838529
Index Options,NSE,3459.5,183,337.5,10.810377962844331,60,3452.95,3100.0,3122.0,2985.7,3536.95,3377.21,183,92.7,6591,-14,183,51800.0,30-Jan-2025,Put,3100.0,0.0,0.0,0.061802943000000006
Index Options,NSE,7.15,89065,-7.949999999999999,-52.649006622516545,1215,7.15,14.7,15.1,6.85,14.7,9.72,89065,129.86,22896,823,89065,51900.0,30-Jan-2025,Call,14.7,0.0,0.0,0.08657118000000001
Index Options,NSE,3553.65,209,327.8499999999999,10.163370326740651,60,3557.65,3225.25,3225.8,3036.0,3553.65,3198.99,209,100.29,5374,-55,209,51900.0,30-Jan-2025,Put,3225.25,0.0,0.0,0.06685889099999999
Index Options,NSE,6.3,575426,-7.000000000000001,-52.63157894736843,315,6.3,12.75,13.3,6.1,12.8,8.54,575426,737.12,235594,32025,575426,52000.0,30-Jan-2025,Call,12.75,0.0,0.0,0.4914138039999999
Index Options,NSE,3664.4,1534,336.8000000000002,10.121408823175868,120,3652.6,3327.65,3327.6,3100.0,3742.4,3372.33,1534,775.97,35720,-786,1534,52000.0,30-Jan-2025,Put,3327.65,0.0,0.0,0.517315422
Index Options,NSE,6.45,84949,-6.499999999999999,-50.19305019305019,3150,6.3,12.95,12.95,6.25,13.05,8.85,84949,112.77,20032,215,84949,52100.0,30-Jan-2025,Call,12.95,0.0,0.0,0.075179865
Index Options,NSE,3740.4,111,334.0999999999999,9.808296391979564,600,3712.95,3700.0,3406.3,3300.0,3825.1,3615.18,111,60.19,4724,-10,111,52100.0,30-Jan-2025,Put,3700.0,0.0,0.0,0.040128498
Index Options,NSE,6.45,76030,-5.8,-47.3469387755102,150,6.4,11.0,12.25,6.05,11.3,7.97,76030,90.89,19862,-3223,76030,52200.0,30-Jan-2025,Call,11.0,0.0,0.0,0.060595909999999996
Index Options,NSE,3876.9,18,357.25,10.150156975835666,600,3808.55,3400.0,3519.65,3389.3,3924.85,3725.01,18,10.06,3106,1,18,52200.0,30-Jan-2025,Put,3400.0,0.0,0.0,0.006705018000000001
Index Options,NSE,5.95,78467,-5.6499999999999995,-48.706896551724135,270,5.95,10.9,11.6,5.8,12.15,7.49,78467,88.16,21322,-301,78467,52300.0,30-Jan-2025,Call,10.9,0.0,0.0,0.05877178300000001
Index Options,NSE,3923.8,48,312.85000000000036,8.663925005884888,600,3913.95,3900.0,3610.95,3550.0,4036.6,3851.43,48,27.73,4763,-19,48,52300.0,30-Jan-2025,Put,3900.0,0.0,0.0,0.018486864
Index Options,NSE,5.75,54242,-5.199999999999999,-47.48858447488584,120,5.8,10.0,10.95,5.5,10.0,7.3,54242,59.39,16642,-3964,54242,52400.0,30-Jan-2025,Call,10.0,0.0,0.0,0.03959666
Index Options,NSE,4036.45,15,319.14999999999964,8.58553251015521,120,4056.7,3619.15,3717.3,3573.3,4133.2,4025.38,15,9.06,3792,-1,15,52400.0,30-Jan-2025,Put,3619.15,0.0,0.0,0.00603807
Index Options,NSE,5.15,408199,-4.699999999999999,-47.71573604060913,840,5.05,9.85,9.85,4.7,10.3,6.2,408199,379.63,150352,-6176,408199,52500.0,30-Jan-2025,Call,9.85,0.0,0.0,0.25308338
Index Options,NSE,4181.3,998,371.7000000000003,9.75692986140278,30,4155.55,3900.0,3809.6,3620.0,4267.95,3953.66,998,591.86,19128,-599,998,52500.0,30-Jan-2025,Put,3900.0,0.0,0.0,0.394575268
Index Options,NSE,5.6,46155,-4.300000000000001,-43.43434343434344,180,5.6,9.0,9.9,4.25,9.0,6.77,46155,46.87,20658,-3180,46155,52600.0,30-Jan-2025,Call,9.0,0.0,0.0,0.031246934999999997
Index Options,NSE,4195.75,11,297.3499999999999,7.627488200287296,15,4247.05,4251.9,3898.4,4187.5,4259.85,4227.13,11,6.97,3363,-4,11,52600.0,30-Jan-2025,Put,4251.9,0.0,0.0,0.004649843
Index Options,NSE,5.55,46429,-3.95,-41.578947368421055,45,5.45,8.9,9.5,5.0,8.95,6.57,46429,45.76,22038,-1306,46429,52700.0,30-Jan-2025,Call,8.9,0.0,0.0,0.030503853000000004
Index Options,NSE,4303.4,21,303.39999999999964,7.58499999999999,30,4330.75,4082.1,4000.0,3850.0,4423.15,4252.87,21,13.4,3193,-2,21,52700.0,30-Jan-2025,Put,4082.1,0.0,0.0,0.008931027000000001
Index Options,NSE,4.65,43847,-4.15,-47.159090909090914,15,4.65,7.9,8.8,4.6,8.85,6.23,43847,40.98,27441,-7119,43847,52800.0,30-Jan-2025,Call,7.9,0.0,0.0,0.027316681
Index Options,NSE,4457.55,53,358.65000000000055,8.749908512039829,105,4442.55,4080.0,4098.9,4000.0,4536.35,4308.91,53,34.26,3160,-10,53,52800.0,30-Jan-2025,Put,4080.0,0.0,0.0,0.022837222999999997
Index Options,NSE,5.25,49933,-3.4000000000000004,-39.30635838150289,45,5.2,7.65,8.65,5.0,7.85,6.01,49933,45.01,20711,-1349,49933,52900.0,30-Jan-2025,Call,7.65,0.0,0.0,0.030009733
Index Options,NSE,4576.0,24,438.1999999999998,10.590168688675137,75,4534.5,4369.6,4137.8,4085.0,4636.45,4496.4,24,16.19,2066,-4,24,52900.0,30-Jan-2025,Put,4369.6,0.0,0.0,0.01079136
Index Options,NSE,4.9,271621,-3.0,-37.974683544303794,90,4.8,6.8,7.9,4.35,8.2,5.44,271621,221.64,165959,-17935,271621,53000.0,30-Jan-2025,Call,6.8,0.0,0.0,0.14776182399999999
Index Options,NSE,4668.6,1500,354.85000000000036,8.226021443059992,90,4651.75,4290.0,4313.75,4120.0,4750.0,4330.34,1500,974.33,26190,-1246,1500,53000.0,30-Jan-2025,Put,4290.0,0.0,0.0,0.649551
Index Options,NSE,4.55,44034,-3.45,-43.125,660,4.55,7.9,8.0,4.55,7.9,5.64,44034,37.25,13462,-2725,44034,53100.0,30-Jan-2025,Call,7.9,0.0,0.0,0.024835175999999997
Index Options,NSE,4771.2,21,401.1999999999998,9.180778032036608,45,4739.35,4351.05,4370.0,4351.05,4821.05,4677.11,21,14.73,1604,-16,21,53100.0,30-Jan-2025,Put,4351.05,0.0,0.0,0.009821930999999999
Index Options,NSE,4.5,14591,-3.3499999999999996,-42.67515923566879,270,4.5,7.1,7.85,4.2,7.35,5.44,14591,11.91,14575,-1046,14591,53200.0,30-Jan-2025,Call,7.1,0.0,0.0,0.007937504000000001
Index Options,NSE,4797.0,126,289.60000000000036,6.424990016417455,30,4841.75,4750.0,4507.4,4340.0,4920.85,4630.58,126,87.52,2728,-58,126,53200.0,30-Jan-2025,Put,4750.0,0.0,0.0,0.058345308
Index Options,NSE,4.45,22827,-3.05,-40.666666666666664,15,4.4,7.4,7.5,4.4,7.4,5.28,22827,18.08,15267,-1854,22827,53300.0,30-Jan-2025,Call,7.4,0.0,0.0,0.012052656000000002
Index Options,NSE,4974.25,49,373.9499999999998,8.128817685803096,600,4906.95,4600.3,4600.3,4503.5,5020.6,4743.27,49,34.86,2021,-34,49,53300.0,30-Jan-2025,Put,4600.3,0.0,0.0,0.023242023
Index Options,NSE,4.5,19128,-2.8,-38.35616438356164,570,4.5,6.85,7.3,4.3,7.25,5.33,19128,15.29,13260,-2232,19128,53400.0,30-Jan-2025,Call,6.85,0.0,0.0,0.010195224000000001
Index Options,NSE,4996.9,25,248.34999999999945,5.230017584315201,60,5054.25,4632.1,4748.55,4580.1,5121.4,4882.7,25,18.31,1662,-19,25,53400.0,30-Jan-2025,Put,4632.1,0.0,0.0,0.01220675
Index Options,NSE,3.7,115935,-2.95,-44.3609022556391,45,3.75,6.65,6.65,3.7,6.65,4.68,115935,81.39,54142,-23674,115935,53500.0,30-Jan-2025,Call,6.65,0.0,0.0,0.05425757999999999
Index Options,NSE,5096.05,85,288.0,5.989954347396553,255,5106.7,4901.55,4808.05,4618.8,5219.85,4918.26,85,62.71,12760,-35,85,53500.0,30-Jan-2025,Put,4901.55,0.0,0.0,0.04180521
Index Options,NSE,4.15,17582,-2.8999999999999995,-41.134751773049636,525,4.15,6.0,7.05,4.15,7.05,5.38,17582,14.19,9862,-2070,17582,53600.0,30-Jan-2025,Call,6.0,0.0,0.0,0.009459116
Index Options,NSE,5320.7,14,402.9499999999998,8.193787809465707,60,5253.15,5135.0,4917.75,4900.0,5320.7,5094.91,14,10.7,2650,-7,14,53600.0,30-Jan-2025,Put,5135.0,0.0,0.0,0.007132873999999999
Index Options,NSE,4.0,24632,-2.8499999999999996,-41.605839416058394,300,4.1,6.5,6.85,4.0,6.65,4.86,24632,17.96,9885,-593,24632,53700.0,30-Jan-2025,Call,6.5,0.0,0.0,0.011971152
Index Options,NSE,5314.0,70,306.39999999999964,6.118699576643494,60,5356.35,4950.05,5007.6,4950.0,5434.3,5293.38,70,55.58,2006,-64,70,53700.0,30-Jan-2025,Put,4950.05,0.0,0.0,0.03705366
Index Options,NSE,4.75,17277,-2.0,-29.629629629629626,825,3.4,6.05,6.75,3.9,6.4,4.74,17277,12.28,9659,-1645,17277,53800.0,30-Jan-2025,Call,6.05,0.0,0.0,0.008189298000000001
Index Options,NSE,5454.25,10,344.14999999999964,6.734701864934142,30,5442.05,5300.0,5110.1,5300.0,5519.75,5455.34,10,8.18,1615,-9,10,53800.0,30-Jan-2025,Put,5300.0,0.0,0.0,0.00545534
Index Options,NSE,4.65,11538,-1.75,-27.34375,300,4.25,6.05,6.4,3.3,6.35,4.71,11538,8.15,10584,-1302,11538,53900.0,30-Jan-2025,Call,6.05,0.0,0.0,0.005434398
Index Options,NSE,5248.75,0,0.0,0.0,600,5506.75,0.0,5248.75,0.0,0.0,0.0,0,0.0,2058,0,0,53900.0,30-Jan-2025,Put,0.0,0.0,0.0,0.0
Index Options,NSE,3.5,135969,-2.3499999999999996,-40.17094017094017,300,3.6,5.45,5.85,3.5,5.75,4.62,135969,94.23,103310,-16908,135969,54000.0,30-Jan-2025,Call,5.45,0.0,0.0,0.062817678
Index Options,NSE,5600.0,528,301.85000000000036,5.6972716891745305,30,5644.45,5286.4,5298.15,5105.0,5730.9,5381.07,528,426.18,14455,-428,528,54000.0,30-Jan-2025,Put,5286.4,0.0,0.0,0.284120496
Index Options,NSE,4.4,14181,-1.9499999999999993,-30.708661417322823,900,3.2,7.0,6.35,3.8,7.0,4.58,14181,9.74,7105,-1180,14181,54100.0,30-Jan-2025,Call,7.0,0.0,0.0,0.006494898000000001
Index Options,NSE,5727.95,8,329.14999999999964,6.096725198192185,30,5728.9,5739.8,5398.8,5727.95,5818.5,5788.13,8,6.95,1059,-7,8,54100.0,30-Jan-2025,Put,5739.8,0.0,0.0,0.004630504
Index Options,NSE,4.4,15887,-1.8499999999999996,-29.599999999999994,675,3.6,6.45,6.25,3.4,6.45,4.51,15887,10.75,9387,-2229,15887,54200.0,30-Jan-2025,Call,6.45,0.0,0.0,0.007165036999999999
Index Options,NSE,5828.9,12,307.5499999999993,5.570195694893446,375,5652.3,5845.15,5521.35,5828.9,5918.45,5872.94,12,10.57,1129,-10,12,54200.0,30-Jan-2025,Put,5845.15,0.0,0.0,0.007047528
Index Options,NSE,3.75,15223,-2.4000000000000004,-39.02439024390244,615,3.75,5.95,6.15,3.75,5.95,4.39,15223,10.02,9198,2,15223,54300.0,30-Jan-2025,Call,5.95,0.0,0.0,0.006682897
Index Options,NSE,5891.35,7,366.15000000000055,6.626909433142701,30,5868.15,5918.25,5525.2,5883.1,5918.25,5895.69,7,6.19,1484,-5,7,54300.0,30-Jan-2025,Put,5918.25,0.0,0.0,0.004126983
Index Options,NSE,3.75,5439,-2.1500000000000004,-36.440677966101696,300,3.55,5.0,5.9,3.7,6.0,4.45,5439,3.63,8110,-633,5439,54400.0,30-Jan-2025,Call,5.0,0.0,0.0,0.002420355
Index Options,NSE,5991.7,7,279.6999999999998,4.896708683473386,30,6027.75,6019.6,5712.0,5983.15,6019.6,5996.21,7,6.3,1640,0,7,54400.0,30-Jan-2025,Put,6019.6,0.0,0.0,0.004197347
Index Options,NSE,4.0,48700,-1.5,-27.27272727272727,630,3.55,4.4,5.5,3.35,5.1,4.02,48700,29.37,33093,-5650,48700,54500.0,30-Jan-2025,Call,4.4,0.0,0.0,0.0195774
Index Options,NSE,6175.5,1478,337.0,5.772030487282692,180,6152.55,5849.85,5838.5,5615.05,6220.7,6114.37,1478,1355.56,6615,-963,1478,54500.0,30-Jan-2025,Put,5849.85,0.0,0.0,0.903703886
Index Options,NSE,4.45,8869,-1.4500000000000002,-24.576271186440678,150,3.7,5.1,5.9,3.65,5.8,4.29,8869,5.71,8468,-560,8869,54600.0,30-Jan-2025,Call,5.1,0.0,0.0,0.003804801
Index Options,NSE,5876.75,0,0.0,0.0,720,5913.5,0.0,5876.75,0.0,0.0,0.0,0,0.0,739,0,0,54600.0,30-Jan-2025,Put,0.0,0.0,0.0,0.0
Index Options,NSE,2.9,10866,-2.9,-50.0,825,2.6,5.3,5.8,2.9,5.8,4.32,10866,7.04,9314,-1413,10866,54700.0,30-Jan-2025,Call,5.3,0.0,0.0,0.004694112
Index Options,NSE,6019.95,0,0.0,0.0,15,6262.55,0.0,6019.95,0.0,0.0,0.0,0,0.0,558,0,0,54700.0,30-Jan-2025,Put,0.0,0.0,0.0,0.0
Index Options,NSE,3.85,12118,-1.9999999999999996,-34.18803418803418,375,3.05,5.05,5.85,3.55,5.6,4.25,12118,7.73,9558,-1644,12118,54800.0,30-Jan-2025,Call,5.05,0.0,0.0,0.00515015
Index Options,NSE,6044.5,0,0.0,0.0,600,6377.15,0.0,6044.5,0.0,0.0,0.0,0,0.0,559,0,0,54800.0,30-Jan-2025,Put,0.0,0.0,0.0,0.0
Index Options,NSE,3.6,12940,-2.0500000000000003,-36.283185840707965,600,3.55,4.55,5.65,3.25,5.35,3.98,12940,7.73,11024,-1652,12940,54900.0,30-Jan-2025,Call,4.55,0.0,0.0,0.005150119999999999
Index Options,NSE,6170.65,0,0.0,0.0,600,6417.55,0.0,6170.65,0.0,0.0,0.0,0,0.0,451,0,0,54900.0,30-Jan-2025,Put,0.0,0.0,0.0,0.0
Index Options,NSE,3.5,94911,-1.4500000000000002,-29.292929292929294,1020,3.3,4.7,4.95,3.1,5.0,3.79,94911,53.96,90483,5679,94911,55000.0,30-Jan-2025,Call,4.7,0.0,0.0,0.035971269
Index Options,NSE,6682.85,222,374.65000000000055,5.939095146000453,30,6643.75,6252.0,6308.2,6110.0,6715.0,6431.76,222,214.18,32032,-15,222,55000.0,30-Jan-2025,Put,6252.0,0.0,0.0,0.14278507199999999
Index Options,NSE,3.7,12473,-1.75,-32.11009174311926,2220,3.7,4.8,5.45,3.2,5.1,4.01,12473,7.5,10297,-1305,12473,55100.0,30-Jan-2025,Call,4.8,0.0,0.0,0.005001673
Index Options,NSE,4988.6,0,0.0,0.0,600,6621.9,0.0,4988.6,0.0,0.0,0.0,0,0.0,5,0,0,55100.0,30-Jan-2025,Put,0.0,0.0,0.0,0.0
Index Options,NSE,2.95,9103,-2.5,-45.87155963302752,900,1.75,6.0,5.45,2.95,6.0,3.99,9103,5.45,10411,-1976,9103,55200.0,30-Jan-2025,Call,6.0,0.0,0.0,0.003632097
Index Options,NSE,6788.2,5,3213.95,89.9195635447996,600,6393.4,6735.55,3574.25,6735.55,6788.2,6774.79,5,5.08,7,5,5,55200.0,30-Jan-2025,Put,6735.55,0.0,0.0,0.0033873949999999996
Index Options,NSE,3.25,4098,-1.9500000000000002,-37.5,105,3.15,4.95,5.2,2.4,5.75,3.79,4098,2.33,8222,-505,4098,55300.0,30-Jan-2025,Call,4.95,0.0,0.0,0.001553142
Index Options,NSE,1675.45,0,0.0,0.0,600,6821.0,0.0,1675.45,0.0,0.0,0.0,0,0.0,3,0,0,55300.0,30-Jan-2025,Put,0.0,0.0,0.0,0.0
Index Options,NSE,2.2,4596,-2.7,-55.10204081632652,435,2.0,7.5,4.9,0.35,7.85,3.61,4596,2.49,8834,-1016,4596,55400.0,30-Jan-2025,Call,7.5,0.0,0.0,0.0016591559999999997
Index Options,NSE,6757.15,0,0.0,0.0,600,6903.9,0.0,6757.15,0.0,0.0,0.0,0,0.0,4,0,0,55400.0,30-Jan-2025,Put,0.0,0.0,0.0,0.0
Index Options,NSE,3.55,25384,-1.0499999999999998,-22.82608695652174,540,3.55,4.1,4.6,2.95,4.45,3.5,25384,13.33,23213,-3454,25384,55500.0,30-Jan-2025,Call,4.1,0.0,0.0,0.0088844
Index Options,NSE,6613.3,64,-187.69999999999982,-2.7598882517276846,210,7131.9,6802.0,6801.0,6606.7,6802.0,6648.38,64,63.82,1412,-64,64,55500.0,30-Jan-2025,Put,6802.0,0.0,0.0,0.042549632000000004
Index Options,NSE,4.45,3382,-0.39999999999999947,-8.247422680412361,870,2.95,4.6,4.85,2.7,5.05,3.53,3382,1.79,8182,-1190,3382,55600.0,30-Jan-2025,Call,4.6,0.0,0.0,0.001193846
Index Options,NSE,6920.2,0,0.0,0.0,375,6893.55,0.0,6920.2,0.0,0.0,0.0,0,0.0,227,0,0,55600.0,30-Jan-2025,Put,0.0,0.0,0.0,0.0
Index Options,NSE,3.0,4486,-1.6500000000000004,-35.48387096774194,255,2.5,5.65,4.65,2.7,7.0,3.39,4486,2.28,9365,-1311,4486,55700.0,30-Jan-2025,Call,5.65,0.0,0.0,0.001520754
Index Options,NSE,0.0,0,0.0,0.0,1635,6670.2,0.0,3933.0,0.0,0.0,0.0,0,0.0,0,0,0,55700.0,30-Jan-2025,Put,0.0,0.0,0.0,0.0
Index Options,NSE,2.6,3477,-2.35,-47.474747474747474,5895,2.6,4.5,4.95,2.6,5.55,3.56,3477,1.86,9126,-409,3477,55800.0,30-Jan-2025,Call,4.5,0.0,0.0,0.001237812
Index Options,NSE,2504.4,0,0.0,0.0,885,6422.45,0.0,2504.4,0.0,0.0,0.0,0,0.0,8,0,0,55800.0,30-Jan-2025,Put,0.0,0.0,0.0,0.0
Index Options,NSE,3.1,2455,-1.6,-34.04255319148936,330,2.85,5.7,4.7,2.6,6.9,3.33,2455,1.23,7830,98,2455,55900.0,30-Jan-2025,Call,5.7,0.0,0.0,0.0008175150000000001
Index Options,NSE,0.0,0,0.0,0.0,600,6133.45,0.0,4075.2,0.0,0.0,0.0,0,0.0,0,0,0,55900.0,30-Jan-2025,Put,0.0,0.0,0.0,0.0
Index Options,NSE,3.0,61953,-1.1500000000000004,-27.710843373493983,195,2.85,3.5,4.15,2.45,3.9,2.92,61953,27.14,60538,-4695,61953,56000.0,30-Jan-2025,Call,3.5,0.0,0.0,0.018090276000000002
Index Options,NSE,7750.0,97,459.4499999999998,6.301993676745922,255,7629.8,7250.05,7290.55,7096.5,7750.0,7337.5,97,106.76,3487,-38,97,56000.0,30-Jan-2025,Put,7250.05,0.0,0.0,0.07117375
Index Options,NSE,2.5,4132,-1.75,-41.17647058823529,885,2.5,4.0,4.25,2.45,4.6,3.07,4132,1.9,8316,-1282,4132,56100.0,30-Jan-2025,Call,4.0,0.0,0.0,0.001268524
Index Options,NSE,0.0,0,0.0,0.0,885,6765.85,0.0,4219.65,0.0,0.0,0.0,0,0.0,0,0,0,56100.0,30-Jan-2025,Put,0.0,0.0,0.0,0.0
Index Options,NSE,9.95,7317,5.35,116.30434782608697,15,2.45,4.15,4.6,2.35,9.95,3.16,7317,3.47,6018,-21,7317,56200.0,30-Jan-2025,Call,4.15,0.0,0.0,0.002312172
Index Options,NSE,2406.7,0,4.299999999999727,0.17898767898766763,600,7463.1,0.0,2402.4,0.0,0.0,0.0,0,0.0,9,0,0,56200.0,30-Jan-2025,Put,0.0,0.0,0.0,0.0
Index Options,NSE,2.85,4198,-1.6999999999999997,-37.36263736263736,120,2.1,4.55,4.55,2.2,4.55,3.02,4198,1.9,7586,-865,4198,56300.0,30-Jan-2025,Call,4.55,0.0,0.0,0.001267796
Index Options,NSE,0.0,0,0.0,0.0,885,6923.2,0.0,4368.75,0.0,0.0,0.0,0,0.0,0,0,0,56300.0,30-Jan-2025,Put,0.0,0.0,0.0,0.0
Index Options,NSE,3.0,4046,-1.5499999999999998,-34.06593406593406,75,2.6,3.0,4.55,2.7,4.3,3.27,4046,1.98,5099,-21,4046,56400.0,30-Jan-2025,Call,3.0,0.0,0.0,0.001323042
Index Options,NSE,2569.05,0,4.850000000000364,0.18914281257313642,600,7917.8,0.0,2564.2,0.0,0.0,0.0,0,0.0,10,0,0,56400.0,30-Jan-2025,Put,0.0,0.0,0.0,0.0
Index Options,NSE,2.8,16199,-1.1500000000000004,-29.113924050632917,405,2.45,3.95,3.95,2.35,4.0,2.87,16199,6.97,17158,-1013,16199,56500.0,30-Jan-2025,Call,3.95,0.0,0.0,0.004649113000000001
Index Options,NSE,8205.15,14,405.14999999999964,5.1942307692307645,180,8117.05,7909.4,7800.0,7574.5,8205.15,7981.81,14,16.76,139,1,14,56500.0,30-Jan-2025,Put,7909.4,0.0,0.0,0.011174534000000002
Index Options,NSE,2.85,5491,-1.5500000000000003,-35.22727272727273,510,2.85,4.4,4.4,2.7,4.75,3.21,5491,2.64,5646,-325,5491,56600.0,30-Jan-2025,Call,4.4,0.0,0.0,0.001762611
Index Options,NSE,0.0,0,0.0,0.0,600,8117.9,0.0,4593.2,0.0,0.0,0.0,0,0.0,0,0,0,56600.0,30-Jan-2025,Put,0.0,0.0,0.0,0.0
Index Options,NSE,2.7,37295,-1.0999999999999996,-28.947368421052623,900,2.35,3.0,3.8,2.25,3.6,2.75,37295,15.38,67821,-728,37295,57000.0,30-Jan-2025,Call,3.0,0.0,0.0,0.010256125
Index Options,NSE,8595.0,69,315.0,3.804347826086957,90,8515.1,8409.8,8280.0,8062.5,8709.65,8387.42,69,86.81,957,-54,69,57000.0,30-Jan-2025,Put,8409.8,0.0,0.0,0.057873198
Index Options,NSE,2.85,12616,-0.8500000000000001,-22.972972972972975,90,2.6,5.0,3.7,2.25,5.0,2.66,12616,5.03,27236,-925,12616,57500.0,30-Jan-2025,Call,5.0,0.0,0.0,0.0033558560000000004
Index Options,NSE,9217.8,5,607.8999999999996,7.060476892879124,30,9114.75,9075.7,8609.9,9075.7,9223.25,9189.96,5,6.89,29,-5,5,57500.0,30-Jan-2025,Put,9075.7,0.0,0.0,0.004594979999999999
Index Options,NSE,2.3,46989,-1.2000000000000002,-34.28571428571429,900,2.3,3.35,3.5,2.05,3.4,2.55,46989,17.97,50828,-1421,46989,58000.0,30-Jan-2025,Call,3.35,0.0,0.0,0.011982195
Index Options,NSE,9620.0,64,433.7999999999993,4.722300842568192,15,9622.45,9260.0,9186.2,9093.4,9629.2,9465.66,64,90.87,1270,-14,64,58000.0,30-Jan-2025,Put,9260.0,0.0,0.0,0.060580224
Index Options,NSE,2.35,27797,-1.0499999999999998,-30.882352941176467,2835,2.35,2.8,3.4,2.15,3.75,2.45,27797,10.22,43064,-757,27797,58500.0,30-Jan-2025,Call,2.8,0.0,0.0,0.006810265000000001
Index Options,NSE,10197.9,3,4697.9,85.41636363636364,120,10102.2,9659.4,5500.0,9659.4,10197.9,10016.86,3,4.51,3,2,3,58500.0,30-Jan-2025,Put,9659.4,0.0,0.0,0.003005058
Index Options,NSE,2.2,37000,-1.0,-31.25,630,2.2,2.65,3.2,2.0,2.9,2.31,37000,12.82,62730,-1064,37000,59000.0,30-Jan-2025,Call,2.65,0.0,0.0,0.008547
Index Options,NSE,9293.5,0,0.0,0.0,615,10567.3,0.0,9293.5,0.0,0.0,0.0,0,0.0,17,0,0,59000.0,30-Jan-2025,Put,0.0,0.0,0.0,0.0
Index Options,NSE,2.2,18253,-0.8499999999999996,-27.868852459016384,900,2.1,2.4,3.05,1.85,2.7,2.23,18253,6.11,44860,-611,18253,59500.0,30-Jan-2025,Call,2.4,0.0,0.0,0.0040704190000000005
Index Options,NSE,11152.2,0,0.0,0.0,630,11052.55,0.0,11152.2,0.0,0.0,0.0,0,0.0,1,0,0,59500.0,30-Jan-2025,Put,0.0,0.0,0.0,0.0
Index Options,NSE,1.95,44018,-0.8499999999999999,-30.357142857142854,510,1.95,2.5,2.8,1.7,2.5,1.97,44018,13.01,118131,-5682,44018,60000.0,30-Jan-2025,Call,2.5,0.0,0.0,0.008671545999999999
Index Options,NSE,11592.1,26,273.14999999999964,2.4132097058472706,120,11612.6,11200.0,11318.95,11100.0,11670.0,11402.45,26,44.47,5127,2,26,60000.0,30-Jan-2025,Put,11200.0,0.0,0.0,0.029646370000000002
Index Options,NSE,2.0,18142,-0.7000000000000002,-25.92592592592593,900,1.85,2.05,2.7,1.55,2.25,1.89,18142,5.14,63279,614,18142,60500.0,30-Jan-2025,Call,2.05,0.0,0.0,0.0034288379999999996
Index Options,NSE,11988.75,0,0.0,0.0,375,11997.6,0.0,11988.75,0.0,0.0,0.0,0,0.0,10,0,0,60500.0,30-Jan-2025,Put,0.0,0.0,0.0,0.0
Index Options,NSE,2.0,262669,-0.5,-20.0,8790,1.8,1.95,2.5,1.45,2.1,1.76,262669,69.34,358935,-4231,262669,61000.0,30-Jan-2025,Call,1.95,0.0,0.0,0.046229744
Index Options,NSE,12050.0,0,0.0,0.0,375,12496.5,0.0,12050.0,0.0,0.0,0.0,0,0.0,231,0,0,61000.0,30-Jan-2025,Put,0.0,0.0,0.0,0.0
